{
	"class_name" : "PinholeCameraParameters",
	"extrinsic" : 
	[
		0.94804162464880926,
		-0.067601619159439949,
		-0.3108811654318549,
		0.0,
		-0.051164422925575569,
		0.93204849550167701,
		-0.35870294654456525,
		0.0,
		0.31400522250424295,
		0.35597137963617587,
		0.88016197209376101,
		0.0,
		-0.064571316835113357,
		-0.23331669530446986,
		0.2482131074621379,
		1.0
	],
	"intrinsic" : 
	{
		"height" : 1011,
		"intrinsic_matrix" : 
		[
			875.55168322606755,
			0.0,
			0.0,
			0.0,
			875.55168322606755,
			0.0,
			926.5,
			505.0,
			1.0
		],
		"width" : 1854
	},
	"version_major" : 1,
	"version_minor" : 0
}